Post Number,Post URL,VIP Rank,Username,Followers Count,Location,Profile URL
Post #1,https://www.instagram.com/p/DP8NEUhiAMv/,VIP #1,ranja_sch,29169,N/A,https://www.instagram.com/ranja_sch
Post #1,https://www.instagram.com/p/DP8NEUhiAMv/,VIP #2,indonesia_kitesurfing,5185,N/A,https://www.instagram.com/indonesia_kitesurfing
Post #1,https://www.instagram.com/p/DP8NEUhiAMv/,VIP #3,jovan_scott,1727,N/A,https://www.instagram.com/jovan_scott
Post #1,https://www.instagram.com/p/DP8NEUhiAMv/,VIP #4,juliaroee,799,N/A,https://www.instagram.com/juliaroee
Post #1,https://www.instagram.com/p/DP8NEUhiAMv/,VIP #5,better.attractive,756,N/A,https://www.instagram.com/better.attractive
Post #2,https://www.instagram.com/p/DPo15-oDcaS/,VIP #1,ranja_sch,29169,N/A,https://www.instagram.com/ranja_sch
Post #2,https://www.instagram.com/p/DPo15-oDcaS/,VIP #2,fulvia_massaroni,10710,N/A,https://www.instagram.com/fulvia_massaroni
Post #2,https://www.instagram.com/p/DPo15-oDcaS/,VIP #3,indonesia_kitesurfing,5185,N/A,https://www.instagram.com/indonesia_kitesurfing
Post #2,https://www.instagram.com/p/DPo15-oDcaS/,VIP #4,wolfbraun_,2626,N/A,https://www.instagram.com/wolfbraun_
Post #2,https://www.instagram.com/p/DPo15-oDcaS/,VIP #5,jean_paul_liechti_jr,1924,N/A,https://www.instagram.com/jean_paul_liechti_jr
